Name,All Linked,Linked Programs,Linked Documents-Folders,Linked Documents-Items
Music,627,"cpb-aacip-500-6688mn61,cpb-aacip-500-tt4fsg4h,cpb-aacip-500-sq8qh96v,cpb-aacip-500-zc7rss3x,cpb-aacip-500-3j393z3s,cpb-aacip-500-dz03338t,cpb-aacip-500-ht2gcf6b,cpb-aacip-500-8k74zg9m,cpb-aacip-500-hm52kt5n,cpb-aacip-500-qv3c3t66,cpb-aacip-500-n29p6v1x,cpb-aacip-500-4t6f5m50,cpb-aacip-500-bk16r71x,cpb-aacip-500-g15tc73f,cpb-aacip-500-6688mm6t,cpb-aacip-500-hx15rp3t,cpb-aacip-500-dz03332c,cpb-aacip-500-707wqx3g,cpb-aacip-500-9c6s2s16,cpb-aacip-500-3r0pwg4q,cpb-aacip-500-7p8tfx1t,cpb-aacip-500-6t0gzc0w,cpb-aacip-500-6t0gzb8m,cpb-aacip-500-6t0gzb7c,cpb-aacip-500-qr4nqk2w,cpb-aacip-500-d50fzs82,cpb-aacip-500-k9316p4s,cpb-aacip-500-th8bmk3d,cpb-aacip-500-804xmr97,cpb-aacip-500-1n7xqf81,cpb-aacip-500-kp7trt3g,cpb-aacip-500-154ds162,cpb-aacip-500-fx73zz19,cpb-aacip-500-js9h8755,cpb-aacip-500-0z710f6x,cpb-aacip-500-js9h873p,cpb-aacip-500-7940wr70,cpb-aacip-500-2v2ccw50,cpb-aacip-500-wd3q111j,cpb-aacip-500-x63b4961,cpb-aacip-500-0z710g1x,cpb-aacip-500-db7vrc2t,cpb-aacip-500-v11vk04c,cpb-aacip-500-pv6b701v,cpb-aacip-500-ws8hk660,cpb-aacip-500-v698bm0r,cpb-aacip-500-416t2c66,cpb-aacip-500-ng4gs182,cpb-aacip-500-t727fr5g,cpb-aacip-500-cr5ndq0f,cpb-aacip-500-qj77z138,cpb-aacip-500-zs2kbx5m,cpb-aacip-500-7940ws4g,cpb-aacip-500-gx44vv11,cpb-aacip-500-nz80qf3f,cpb-aacip-500-nz80qf8n,cpb-aacip-500-ff3m1k0t,cpb-aacip-500-jd4pq417,cpb-aacip-500-ms3k221v,cpb-aacip-500-nc5scr4h,cpb-aacip-500-028pgw8f,cpb-aacip-500-pg1hnv2r,cpb-aacip-500-js9h887v,cpb-aacip-500-5m628x7z,cpb-aacip-500-q52fcv43,cpb-aacip-500-125qcs7x,cpb-aacip-500-862bdc9s,cpb-aacip-500-q23r0k5x,cpb-aacip-500-rr1pmf2d,cpb-aacip-500-xd0qww6z,cpb-aacip-500-9p2w7p51,cpb-aacip-500-vh5chg34,cpb-aacip-500-k06x1v86,cpb-aacip-500-9882ph8f,cpb-aacip-500-3775z25f,cpb-aacip-500-4m91d27m,cpb-aacip-500-p55dh09z,cpb-aacip-500-r20rwg5h,cpb-aacip-500-gb1xj44j,cpb-aacip-500-zs2kbz0m,cpb-aacip-500-pr7mtr03,cpb-aacip-500-qr4nqm62,cpb-aacip-500-sb3wz60f,cpb-aacip-500-4746tz3h,cpb-aacip-500-qr4nqm0m,cpb-aacip-500-j38kj98g,cpb-aacip-500-3x83p35g,cpb-aacip-500-1c1tjn6b,cpb-aacip-500-ms3k218b,cpb-aacip-500-ws8hk588,cpb-aacip-500-ww76zg94,cpb-aacip-500-610vv324,cpb-aacip-500-n8730f8z,cpb-aacip-500-v97zqx47,cpb-aacip-500-125qcr6g,cpb-aacip-500-dr2p9k4x,cpb-aacip-500-dz033509,cpb-aacip-500-125qcr8z,cpb-aacip-500-fx74005s,cpb-aacip-500-4x54jz0m,cpb-aacip-500-0k26fb4g,cpb-aacip-500-w6697g5g,cpb-aacip-500-901zhn8q,cpb-aacip-500-sf2mbg4z,cpb-aacip-500-1r6n3t08,cpb-aacip-500-7940wt0q,cpb-aacip-500-08638h2j,cpb-aacip-500-2f7jtt6f,cpb-aacip-500-m03xxq4m,cpb-aacip-500-4q7qsc74,cpb-aacip-500-k649tf2z,cpb-aacip-500-154ds212,cpb-aacip-500-mg7fw49k,cpb-aacip-500-v11vk24s,cpb-aacip-500-xw47vb9n,cpb-aacip-500-bc3szq10,cpb-aacip-500-0c4sns2v,cpb-aacip-500-wm13sm5j,cpb-aacip-500-nk36599v,cpb-aacip-500-7s7hv70c,cpb-aacip-500-dr2p9j66,cpb-aacip-500-j38kj977,cpb-aacip-500-5d8nhb81,cpb-aacip-500-f18sgd73,cpb-aacip-500-69700z32,cpb-aacip-500-p843w95m,cpb-aacip-500-cn6z1d3j,cpb-aacip-500-zs2kbx1n,cpb-aacip-500-2r3p0n22,cpb-aacip-500-jm23gq44,cpb-aacip-500-1n7xqh20,cpb-aacip-500-mk658f83,cpb-aacip-500-8c9r5z0n,cpb-aacip-500-0z710j03,cpb-aacip-500-610vv35v,cpb-aacip-500-rj48tx42,cpb-aacip-500-7h1dpd6d,cpb-aacip-500-833n139c,cpb-aacip-500-2z12s64j,cpb-aacip-500-2z12s639,cpb-aacip-500-6w96bp4k,cpb-aacip-500-3775z31p,cpb-aacip-500-v97zqx5g,cpb-aacip-500-0c4sns33,cpb-aacip-500-qb9v5f88,cpb-aacip-500-jm23gp94,cpb-aacip-500-gh9b9q26,cpb-aacip-500-rj48tw53,cpb-aacip-500-bv79x39g,cpb-aacip-500-q52fcw49,cpb-aacip-500-4x54jw6n,cpb-aacip-500-3775z17q,cpb-aacip-500-319s5g2h,cpb-aacip-500-8p5vbs42,cpb-aacip-500-6688mm72,cpb-aacip-500-vx062k34,cpb-aacip-500-xp6v2q97,cpb-aacip-500-8g8fk63r,cpb-aacip-500-4q7qs98z,cpb-aacip-500-6d5pd64k,cpb-aacip-500-gt5fgh7n,cpb-aacip-500-5717qr92,cpb-aacip-500-cz32674b,cpb-aacip-500-0p0wtm12,cpb-aacip-500-tt4fsd6k,cpb-aacip-500-9g5gg29q,cpb-aacip-500-bg2hbz2k,cpb-aacip-500-h41jnd0v,cpb-aacip-500-db7vrc49,cpb-aacip-500-m32n9z56,cpb-aacip-500-1n7xqf7s,cpb-aacip-500-r785p06n,cpb-aacip-500-9s1kmx2h,cpb-aacip-500-vq2s903z,cpb-aacip-500-fb4wn69t,cpb-aacip-500-gt5fgj3w,cpb-aacip-500-nv99b41b,cpb-aacip-500-tm720v07,cpb-aacip-500-s46h5m32,cpb-aacip-500-d21rkk6k,cpb-aacip-500-cf9j7t9r,cpb-aacip-500-542jbg8d,cpb-aacip-500-rf5kfj80,cpb-aacip-500-6688mm4b,cpb-aacip-500-qv3c3t7f,cpb-aacip-500-qn5zb87g,cpb-aacip-500-125qcq90,cpb-aacip-500-gt5fgh55,cpb-aacip-500-8w384b85,cpb-aacip-500-xg9f948x,cpb-aacip-500-8g8fk696,cpb-aacip-500-h7081p34,cpb-aacip-500-g15tc86c,cpb-aacip-500-gq6r3916,cpb-aacip-500-1z41wb41,cpb-aacip-500-r20rwg31,cpb-aacip-500-f18sgc2p,cpb-aacip-500-1834596m,cpb-aacip-500-125qcr2h,cpb-aacip-500-7p8tfx5s,cpb-aacip-500-6m335s28,cpb-aacip-500-gf0mxc8q,cpb-aacip-500-2f7jtr4j,cpb-aacip-500-fj29dt2h,cpb-aacip-500-x63b4939,cpb-aacip-500-736m468d,cpb-aacip-500-7659hh03,cpb-aacip-500-gq6r380r,cpb-aacip-500-xp6v2q58,cpb-aacip-500-np1wjj67,cpb-aacip-500-mp4vnp9f,cpb-aacip-500-kk94cj35,cpb-aacip-500-319s5h2q,cpb-aacip-500-q23r0k9w,cpb-aacip-500-mw28f93j,cpb-aacip-500-18345c22,cpb-aacip-500-ks6j531q,cpb-aacip-500-c824g66s,cpb-aacip-500-tx355q0w,cpb-aacip-500-m32n9z7p,cpb-aacip-500-jw86nj5s,cpb-aacip-500-7h1dpb21,cpb-aacip-500-3x83p297,cpb-aacip-500-7p8tfz28,cpb-aacip-500-ww76zh3w,cpb-aacip-500-125qcr57,cpb-aacip-500-2805264v,cpb-aacip-500-r785p09c,cpb-aacip-500-6t0gzd03,cpb-aacip-500-2z12s73h,cpb-aacip-500-n00ztk9b,cpb-aacip-500-nz80qd0h,cpb-aacip-500-h98zdz64,cpb-aacip-500-222r8m5r,cpb-aacip-500-nc5scp99,cpb-aacip-500-gq6r375r,cpb-aacip-500-cr5ndn40,cpb-aacip-500-v97zqw2j,cpb-aacip-500-4746tw89,cpb-aacip-500-wh2dd926,cpb-aacip-500-222r8k9h,cpb-aacip-500-cz32670c,cpb-aacip-500-0p0wtk79,cpb-aacip-500-ms3k202p,cpb-aacip-500-v40jz868,cpb-aacip-500-7d2q9282,cpb-aacip-500-7940ws1r,cpb-aacip-500-5t3g2g2s,cpb-aacip-500-cv4bsz7b,cpb-aacip-500-k9316r07,cpb-aacip-500-vd6p459z,cpb-aacip-500-k06x1w1q,cpb-aacip-500-bg2hc05p,cpb-aacip-500-736m480w,cpb-aacip-500-j09w513v,cpb-aacip-500-mc8rgw18,cpb-aacip-500-ng4gs093,cpb-aacip-500-hh6c6j57,cpb-aacip-500-k06x1v2r,cpb-aacip-500-jm23gq7v,cpb-aacip-500-jh3d3d60,cpb-aacip-500-pn8xff6x,cpb-aacip-500-j678xk16,cpb-aacip-500-xd0qwx3f,cpb-aacip-500-q23r0k8n,cpb-aacip-500-kw57jg1r,cpb-aacip-500-q814s515,cpb-aacip-500-df6k4p7s,cpb-aacip-500-h12v848c,cpb-aacip-500-dr2p9j7f,cpb-aacip-500-610vv30n,cpb-aacip-500-bn9x4j1j,cpb-aacip-500-rj48tx1b,cpb-aacip-500-fx740039,cpb-aacip-500-9882pj3f,cpb-aacip-500-7p8tg044,cpb-aacip-500-p55dh18x,cpb-aacip-500-v40jzb1g,cpb-aacip-500-kd1qm076,cpb-aacip-500-599z434v,cpb-aacip-500-q814s61c,cpb-aacip-500-kp7trv7n,cpb-aacip-500-ff3m1j9s,cpb-aacip-500-862bdd29,cpb-aacip-500-tq5rd54w,cpb-aacip-500-x34mr08r,cpb-aacip-500-4x54jz1v,cpb-aacip-500-z02z7n1d,cpb-aacip-500-sb3wz52q,cpb-aacip-500-bk16r87k,cpb-aacip-500-h98zdz5w,cpb-aacip-500-kp7trt10,cpb-aacip-500-h12v842x,cpb-aacip-500-fx74000k,cpb-aacip-500-mk658f1d,cpb-aacip-500-hx15rq5h,cpb-aacip-500-qn5zbb5d,cpb-aacip-500-6d5pd77h,cpb-aacip-500-9c6s2t9b,cpb-aacip-500-3b5wbc2c,cpb-aacip-500-kd1qm11z,cpb-aacip-500-8s4jr353,cpb-aacip-500-fn10t468,cpb-aacip-500-h12v8474,cpb-aacip-500-cn6z1d0t,cpb-aacip-500-hx15rq48,cpb-aacip-500-6688mp7g,cpb-aacip-500-k35mf519,cpb-aacip-500-4b2x767w,cpb-aacip-500-fq9q6d7x,cpb-aacip-500-7p8tfz67,cpb-aacip-500-xk84pg4s,cpb-aacip-500-zc7rsr7p,cpb-aacip-500-6d5pd790,cpb-aacip-500-9k45vd9j,cpb-aacip-500-qz22h50r,cpb-aacip-500-9c6s2t2n,cpb-aacip-500-nv99b56r,cpb-aacip-500-gb1xj36t,cpb-aacip-500-vh5chg0d,cpb-aacip-500-wh2ddb7m,cpb-aacip-500-pr7mtq8t,cpb-aacip-500-np1wjm3x,cpb-aacip-500-wm13sn0j,cpb-aacip-500-sx648w78,cpb-aacip-500-4f1mmh51,cpb-aacip-500-q814s58v,cpb-aacip-500-7d2q936s,cpb-aacip-500-3j393z41,cpb-aacip-500-n8730f01,cpb-aacip-500-s17ssb4r,cpb-aacip-500-xg9f968b,cpb-aacip-500-zs2kbx0d,cpb-aacip-500-0z710g5w,cpb-aacip-500-xk84pg29,cpb-aacip-500-dr2p9j5z,cpb-aacip-500-3b5wbc7k,cpb-aacip-500-5q4rp77n,cpb-aacip-500-901zhn9z,cpb-aacip-500-r785p21v,cpb-aacip-500-q23r0m4w,cpb-aacip-500-vh5chg9k,cpb-aacip-500-v40jzb5f,cpb-aacip-500-5h7bwp2d,cpb-aacip-500-w950ms6b,cpb-aacip-500-qr4nqk34,cpb-aacip-500-wp9t5w7f,cpb-aacip-500-3775z246,cpb-aacip-500-6d5pd801,cpb-aacip-500-ms3k211n,cpb-aacip-500-m9023k1s,cpb-aacip-500-4f1mmh12,cpb-aacip-500-p26q3r9k,cpb-aacip-500-hx15rp98,cpb-aacip-500-mw28f879,cpb-aacip-500-q814s593,cpb-aacip-500-cn6z1f01,cpb-aacip-500-c824g87f,cpb-aacip-500-w950ms53,cpb-aacip-500-mp4vnq2z,cpb-aacip-500-1v5bh29t,cpb-aacip-500-s17ss939,cpb-aacip-500-9z90dh71,cpb-aacip-500-v698bk8g,cpb-aacip-500-2805272k,cpb-aacip-500-vd6p4567,cpb-aacip-500-fj29dv9d,cpb-aacip-500-pr7mtq2c,cpb-aacip-500-rr1pmg04,cpb-aacip-500-t727fr86,cpb-aacip-500-th8bmk7c,cpb-aacip-500-x63b4c3q,cpb-aacip-500-mw28f912,cpb-aacip-500-x921hn0d,cpb-aacip-500-rj48tw92,cpb-aacip-500-pk072584,cpb-aacip-500-zw18r617,cpb-aacip-500-pc2t8m58,cpb-aacip-500-9882pj4p,cpb-aacip-500-gf0mxd4z,cpb-aacip-500-154ds19s,cpb-aacip-500-ff3m1j5t,cpb-aacip-500-3x83p347,cpb-aacip-500-j38kj86s,cpb-aacip-500-833n1295,cpb-aacip-500-7h1dpc5z,cpb-aacip-500-154ds340,cpb-aacip-500-rn30763j,cpb-aacip-500-q814s604,cpb-aacip-500-4j0b0s9j,cpb-aacip-500-xg9f9723,cpb-aacip-500-9g5gg38p,cpb-aacip-500-vh5chg8b,cpb-aacip-500-ft8dkp9t,cpb-aacip-500-ff3m1j79,cpb-aacip-500-4b2x775m,cpb-aacip-500-7d2q9438,cpb-aacip-500-n00ztj94,cpb-aacip-500-v40jzb85,cpb-aacip-500-gf0mxd3q,cpb-aacip-500-5717qs3t,cpb-aacip-500-z892dg1x,cpb-aacip-500-7w677h54,cpb-aacip-500-2z12s68h,cpb-aacip-500-3x83p241,cpb-aacip-500-rb6w2991,cpb-aacip-500-m9023k21,cpb-aacip-500-ws8hk677,cpb-aacip-500-qr4nqm3b,cpb-aacip-500-bg2hc06x,cpb-aacip-500-ns0kxv6v,cpb-aacip-500-1j97b76n,cpb-aacip-500-fj29dt57,cpb-aacip-500-cf9j7t22,cpb-aacip-500-6m335s8q,cpb-aacip-500-8911sp3z,cpb-aacip-500-18345b89,cpb-aacip-500-5717qs59,cpb-aacip-500-k9316p90,cpb-aacip-500-k06x1v08,cpb-aacip-500-nz80qd8f,cpb-aacip-500-dv1cpt6m,cpb-aacip-500-j38kj94h,cpb-aacip-500-qb9v5g60,cpb-aacip-500-tm720x24,cpb-aacip-500-6m335s4r,cpb-aacip-500-tm720x1w,cpb-aacip-500-d50fzt9h,cpb-aacip-500-639k7d1m,cpb-aacip-500-3n20h64d,cpb-aacip-500-028pgx9w,cpb-aacip-500-1c1tjn0w,cpb-aacip-500-g15tc893,cpb-aacip-500-br8mht1z,cpb-aacip-500-z60c1648,cpb-aacip-500-vx062n0t,cpb-aacip-500-c24qpp2w,cpb-aacip-500-319s5h5f,cpb-aacip-500-js9h8844,cpb-aacip-500-6m335s67,cpb-aacip-500-tt4fsf5j,cpb-aacip-500-db7vrf5z,cpb-aacip-500-00003n1p,cpb-aacip-500-154ds20t,cpb-aacip-500-cn6z1d4s,cpb-aacip-500-639k7d2v,cpb-aacip-500-h41jng08,cpb-aacip-500-0k26fb76,cpb-aacip-500-vx062m4k,cpb-aacip-500-js9h890c,cpb-aacip-500-j678xk0z,cpb-aacip-500-4j0b0s1m,cpb-aacip-500-bz619c8s,cpb-aacip-500-v11vk15t,cpb-aacip-500-x34mr18z,cpb-aacip-500-jh3d3f10,cpb-aacip-500-pg1hnw0g,cpb-aacip-500-vt1gpb80,cpb-aacip-500-mk658f05,cpb-aacip-500-pv6b713j,cpb-aacip-500-c53f2z7n,cpb-aacip-500-gf0mxf06,cpb-aacip-500-mc8rgv4s,cpb-aacip-500-bg2hc01q,cpb-aacip-500-vt1gpb80,cpb-aacip-500-3r0pwh16,cpb-aacip-500-pc2t8m7r,cpb-aacip-500-w950mr5w,cpb-aacip-500-f47gvp4s,cpb-aacip-500-5t3g2h4g,cpb-aacip-500-cr5ndp6p,cpb-aacip-500-vm42ws18,cpb-aacip-500-901zhp8x,cpb-aacip-500-t14tp631,cpb-aacip-500-dj58hz9p,cpb-aacip-500-2v2ccx17,cpb-aacip-500-b853kd7x,cpb-aacip-500-4q7qsc8c,cpb-aacip-500-5m628z0g,cpb-aacip-500-8c9r602h,cpb-aacip-500-9p2w7p7h,cpb-aacip-500-6d5pd82h,cpb-aacip-500-9g5gg33g,cpb-aacip-500-th8bmj75,cpb-aacip-500-bn9x4j31,cpb-aacip-500-8s4jr392,cpb-aacip-500-hd7nt964,cpb-aacip-500-dz033498","naeb-b074-f09,naeb-b018-f12,naeb-b033-f01,naeb-b033-f04,naeb-b033-f11,naeb-b033-f02,naeb-b034-f08,naeb-b036-f12,naeb-b053-f01,naeb-b066-f06,naeb-b071-f03,naeb-b072-f01,naeb-b072-f03,naeb-b072-f04,naeb-b073-f05,naeb-b074-f08,naeb-b093-f01,naeb-b070-f02,naeb-b070-f03,naeb-b070-f04,naeb-b070-f07,naeb-b070-f08,naeb-b081-f03,naeb-b081-f04,naeb-b081-f06,naeb-b082-f01,naeb-b099-f03,naeb-b099-f05,naeb-b099-f06","naeb-b106-f01-04,naeb-b057-f10-06,naeb-b074-f08-15,naeb-b074-f09-01,naeb-b101-f01-04,naeb-b101-f01-11,naeb-b101-f02-05,naeb-b101-f02-08,naeb-b101-f02-39,naeb-b101-f02-53,naeb-b101-f02-56,naeb-b102-f01-04,naeb-b102-f01-09,naeb-b102-f01-20,naeb-b102-f01-25,naeb-b102-f02-01,naeb-b102-f02-02,naeb-b102-f02-05,naeb-b102-f02-08,naeb-b102-f03-04,naeb-b102-f03-06,naeb-b102-f03-07,naeb-b102-f03-08,naeb-b102-f03-17,naeb-b102-f03-21,naeb-b102-f03-23,naeb-b105-f01-01,naeb-b105-f02-03,naeb-b106-f01-02,naeb-b106-f01-11,naeb-b106-f04-01,naeb-b106-f04-02,naeb-b106-f04-03,naeb-b106-f04-04,naeb-b110-f04-08,naeb-b110-f04-27,naeb-b110-f05-01,naeb-b110-f05-03,naeb-b110-f05-08,naeb-b110-f07-06,naeb-b110-f08-20,naeb-b110-f08-24,naeb-b110-f09-01,naeb-b110-f09-02,naeb-b110-f09-05,naeb-b110-f09-12,naeb-b110-f09-19,naeb-b110-f09-24,naeb-b110-f09-25,naeb-b110-f10-01,naeb-b110-f10-02,naeb-b110-f10-03,naeb-b110-f10-04,naeb-b110-f10-05,naeb-b110-f10-15,naeb-b110-f10-20,naeb-b110-f11-04,naeb-b110-f11-07,naeb-b110-f11-12,naeb-b110-f11-13,naeb-b110-f11-14,naeb-b110-f11-17,naeb-b111-f01-03,naeb-b111-f01-10,naeb-b111-f01-12,naeb-b111-f02-04,naeb-b111-f02-05,naeb-b111-f02-07,naeb-b111-f02-18,naeb-b111-f03-03,naeb-b111-f03-05,naeb-b111-f03-06,naeb-b111-f03-11,naeb-b111-f04-01,naeb-b111-f04-02,naeb-b111-f05-08,naeb-b111-f05-10,naeb-b111-f06-01,naeb-b111-f06-02,naeb-b111-f06-05,naeb-b111-f06-07,naeb-b111-f06-08,naeb-b111-f06-18,naeb-b111-f07-04,naeb-b111-f07-05,naeb-b111-f07-07,naeb-b111-f07-09,naeb-b111-f07-11,naeb-b111-f08-24,naeb-b111-f08-23,naeb-b111-f08-22,naeb-b111-f08-02,naeb-b111-f08-03,naeb-b111-f08-21,naeb-b111-f08-18,naeb-b111-f08-13,naeb-b111-f08-10,naeb-b111-f09-03,naeb-b111-f09-04,naeb-b111-f10-10,naeb-b111-f10-11,naeb-b111-f10-12,naeb-b111-f10-14,naeb-b111-f10-15,naeb-b111-f10-17,naeb-b111-f10-19,naeb-b111-f10-20,naeb-b111-f10-21,naeb-b111-f10-23,naeb-b112-f01-06"
Drama,238,"cpb-aacip-500-qv3c3v4x,cpb-aacip-500-q52fct93,cpb-aacip-500-s756jt9h,cpb-aacip-500-2b8vff94,cpb-aacip-500-d795c407,cpb-aacip-500-3n20h78k,cpb-aacip-500-mg7fw60t,cpb-aacip-500-4q7qsc4d,cpb-aacip-500-610vv33c,cpb-aacip-500-348gjs4m,cpb-aacip-500-m32nb139,cpb-aacip-500-jh3d3f3g,cpb-aacip-500-vx062m8j,cpb-aacip-500-mk658f5c,cpb-aacip-500-h7081q5t,cpb-aacip-500-639k7c3w,cpb-aacip-500-xp6v2r6q,cpb-aacip-500-8c9r5w9d,cpb-aacip-500-00003m2q,cpb-aacip-500-v11vk06v,cpb-aacip-500-cj87n23p,cpb-aacip-500-ws8hk499,cpb-aacip-500-w6697f80,cpb-aacip-500-1n7xqg1j,cpb-aacip-500-f7667z4b,cpb-aacip-500-s17ss84b,cpb-aacip-500-vm42wq5t,cpb-aacip-500-k649td2r,cpb-aacip-500-hh6c6h7h,cpb-aacip-500-736m465p,cpb-aacip-500-6w96bn2w,cpb-aacip-500-0p0wtk5t,cpb-aacip-500-dv1cps6d,cpb-aacip-500-9s1kmw90,cpb-aacip-500-ms3k205d,cpb-aacip-500-ws8hk56s,cpb-aacip-500-1j97b64z,cpb-aacip-500-736m470p,cpb-aacip-500-cv4bsx74,cpb-aacip-500-m61bq811,cpb-aacip-500-9z90dh2t,cpb-aacip-500-tm720v9d,cpb-aacip-500-8s4jr225,cpb-aacip-500-8911sn57,cpb-aacip-500-tq5rd44p,cpb-aacip-500-057cw503,cpb-aacip-500-cr5ndn6g,cpb-aacip-500-bz619c0v,cpb-aacip-500-8k74zh1w,cpb-aacip-500-rn30745m,cpb-aacip-500-804xms47,cpb-aacip-500-zg6g609p,cpb-aacip-500-9c6s2s3p,cpb-aacip-500-m9023j5j,cpb-aacip-500-ht2gcc8d,cpb-aacip-500-6t0gzb1x,cpb-aacip-500-bc3szm99,cpb-aacip-500-r49g8q3b,cpb-aacip-500-m03xxr4t,cpb-aacip-500-8p5vbs3t,cpb-aacip-500-4m91d40b,cpb-aacip-500-69700x6k,cpb-aacip-500-3b5wb96x,cpb-aacip-500-bg2hbx6b,cpb-aacip-500-6q1sk230,cpb-aacip-500-jd4pq39z,cpb-aacip-500-bc3szn5j,cpb-aacip-500-pc2t8j63,cpb-aacip-500-707wqz2f,cpb-aacip-500-3x83p202,cpb-aacip-500-d50fzt2t,cpb-aacip-500-kp7trt27,cpb-aacip-500-0c4snq7n,cpb-aacip-500-g15tc75x,cpb-aacip-500-gm81px9w,cpb-aacip-500-q52fcv1c,cpb-aacip-500-3b5wbb0p,cpb-aacip-500-319s5f90,cpb-aacip-500-610vv185,cpb-aacip-500-028pgw37,cpb-aacip-500-3f4kqm81,cpb-aacip-500-4m91d23n,cpb-aacip-500-zw18r50s,cpb-aacip-500-v698bj71,cpb-aacip-500-d21rkh4p,cpb-aacip-500-g15tc70q,cpb-aacip-500-j678xj27,cpb-aacip-500-d21rkh8n,cpb-aacip-500-v40jz918,cpb-aacip-500-5717qr4v,cpb-aacip-500-ww76zf7f,cpb-aacip-500-0k26fb20,cpb-aacip-500-t727fr2r,cpb-aacip-500-h7081n6n,cpb-aacip-500-dr2p9j4q,cpb-aacip-500-rb6w285v,cpb-aacip-500-r785p19k,cpb-aacip-500-222r8n66,cpb-aacip-500-7940wr48,cpb-aacip-500-pg1hnv08,cpb-aacip-500-6m335r9r,cpb-aacip-500-qr4nqm1v,cpb-aacip-500-w37kv576,cpb-aacip-500-t727fq3s,cpb-aacip-500-kp7trt66,cpb-aacip-500-dz03334v,cpb-aacip-500-d50fzs99,cpb-aacip-500-319s5f8r,cpb-aacip-500-0p0wtm29,cpb-aacip-500-8k74zj91,cpb-aacip-500-sn01412m,cpb-aacip-500-rj48tv9v,cpb-aacip-500-qr4nqm79,cpb-aacip-500-td9n7b0g,cpb-aacip-500-5x25ft2m,cpb-aacip-500-862bdc4k,cpb-aacip-500-w6697g30,cpb-aacip-500-1g0hxz0h,cpb-aacip-500-319s5j1p,cpb-aacip-500-dz03351j,cpb-aacip-500-7w677j6k,cpb-aacip-500-5h7bwn5x,cpb-aacip-500-tq5rd62m,cpb-aacip-500-7659hj09,cpb-aacip-500-tb0xv255,cpb-aacip-500-1v5bh369,cpb-aacip-500-kd1qm09p,cpb-aacip-500-0c4snr7v,cpb-aacip-500-6q1sk35p,cpb-aacip-500-7659hj6r,cpb-aacip-500-j09w5104,cpb-aacip-500-0z710h53,cpb-aacip-500-c24qpp4c,cpb-aacip-500-3n20h674,cpb-aacip-500-445hfn9b,cpb-aacip-500-gt5fgk4b,cpb-aacip-500-gb1xj439,cpb-aacip-500-sx648v9j,cpb-aacip-500-707wqz55,cpb-aacip-500-0v89m71k,cpb-aacip-500-dv1cpv2v,cpb-aacip-500-0p0wtm8r,cpb-aacip-500-vx062m3b,cpb-aacip-500-5m628x5g,cpb-aacip-500-k9316r2q,cpb-aacip-500-7m042p37,cpb-aacip-500-zc7rss1f,cpb-aacip-500-t727fq7r,cpb-aacip-500-mg7fw51v,cpb-aacip-500-n29p6w7k,cpb-aacip-500-9z90dg7t,cpb-aacip-500-m03xxp4d,cpb-aacip-500-2805259v,cpb-aacip-500-gq6r370j,cpb-aacip-500-s17ss889,cpb-aacip-500-g44hrh43,cpb-aacip-500-h12v8385,cpb-aacip-500-rr1pmf15,cpb-aacip-500-8w384b5f,cpb-aacip-500-gb1xj333,cpb-aacip-500-th8bmk0p,cpb-aacip-500-w37kv50h,cpb-aacip-500-tm720v5f,cpb-aacip-500-sb3wz440,cpb-aacip-500-610vv15f,cpb-aacip-500-f7667z1m,cpb-aacip-500-8s4jr20p,cpb-aacip-500-dz03329v,cpb-aacip-500-1z41w98s,cpb-aacip-500-kp7trt8p,cpb-aacip-500-416t2b77,cpb-aacip-500-zp3vzk6w,cpb-aacip-500-k35mf37b,cpb-aacip-500-3b5wb99n,cpb-aacip-500-gm81pz3n,cpb-aacip-500-k35mf38k,cpb-aacip-500-h98zdx8d,cpb-aacip-500-tx355q53,cpb-aacip-500-mw28f78b,cpb-aacip-500-vx062k5m,cpb-aacip-500-7w677g8n,cpb-aacip-500-df6k4p3t,cpb-aacip-500-ht2gcd9v","naeb-b072-f05,naeb-b033-f01,naeb-b033-f02,naeb-b033-f04,naeb-b033-f11,naeb-b070-f02,naeb-b070-f07,naeb-b070-f08,naeb-b081-f06,naeb-b082-f01","naeb-b111-f06-14,naeb-b101-f01-04,naeb-b101-f01-11,naeb-b102-f01-02,naeb-b102-f01-04,naeb-b102-f01-20,naeb-b102-f02-05,naeb-b102-f02-08,naeb-b102-f03-04,naeb-b102-f03-21,naeb-b105-f01-01,naeb-b105-f03-04,naeb-b106-f01-11,naeb-b106-f02-05,naeb-b106-f04-01,naeb-b106-f04-02,naeb-b106-f04-03,naeb-b106-f04-04,naeb-b110-f04-06,naeb-b110-f04-08,naeb-b110-f04-27,naeb-b110-f05-03,naeb-b110-f06-05,naeb-b110-f08-08,naeb-b110-f08-24,naeb-b110-f09-03,naeb-b110-f09-12,naeb-b110-f09-14,naeb-b110-f09-19,naeb-b110-f10-16,naeb-b110-f10-20,naeb-b110-f11-02,naeb-b110-f11-06,naeb-b110-f11-09,naeb-b111-f01-08,naeb-b111-f01-10,naeb-b111-f02-04,naeb-b111-f06-05,naeb-b111-f06-13,naeb-b111-f07-07,naeb-b111-f07-09,naeb-b111-f08-24,naeb-b111-f10-11,naeb-b111-f10-17,naeb-b111-f10-23"
History and criticism,116,"cpb-aacip-500-df6k4n6b,cpb-aacip-500-dj58hx9g,cpb-aacip-500-8k74zg4d,cpb-aacip-500-bg2hbx8t,cpb-aacip-500-h41jnd2b,cpb-aacip-500-gf0mxc50,cpb-aacip-500-b27pss4n,cpb-aacip-500-zp3vzk5n,cpb-aacip-500-hd7nt80g,cpb-aacip-500-125qcr40,cpb-aacip-500-69700x1c,cpb-aacip-500-k06x1t80,cpb-aacip-500-6d5pd662,cpb-aacip-500-bk16r65p,cpb-aacip-500-6h4csg8z,cpb-aacip-500-3x83p13k,cpb-aacip-500-8w384c0f,cpb-aacip-500-cr5ndn96,cpb-aacip-500-p843w795,cpb-aacip-500-ww76zf27,cpb-aacip-500-wh2dd90q,cpb-aacip-500-p26q3q2p,cpb-aacip-500-v97zqv4t,cpb-aacip-500-057cw542,cpb-aacip-500-0c4snq94,cpb-aacip-500-x921hk3q,cpb-aacip-500-ks6j531q,cpb-aacip-500-tx355q0w,cpb-aacip-500-3775z17q,cpb-aacip-500-c824g66s,cpb-aacip-500-319s5g2h,cpb-aacip-500-8p5vbs42,cpb-aacip-500-6688mm72,cpb-aacip-500-vx062k34,cpb-aacip-500-xp6v2q97,cpb-aacip-500-8g8fk63r,cpb-aacip-500-4q7qs98z,cpb-aacip-500-6d5pd64k,cpb-aacip-500-gt5fgh7n,cpb-aacip-500-5717qr92,cpb-aacip-500-rf5kfj41,cpb-aacip-500-fj29dt01,cpb-aacip-500-cz32674b,cpb-aacip-500-0p0wtm12,cpb-aacip-500-tt4fsd6k,cpb-aacip-500-9g5gg29q,cpb-aacip-500-bg2hbz2k,cpb-aacip-500-h41jnd0v,cpb-aacip-500-7p8tfx22,cpb-aacip-500-9g5gg24h,cpb-aacip-500-m32n9z7p,cpb-aacip-500-jw86nj5s,cpb-aacip-500-4j0b0r1d,cpb-aacip-500-5d8nhb1b,cpb-aacip-500-np1wjh9r,cpb-aacip-500-gb1xj34b,cpb-aacip-500-p55dgz73,cpb-aacip-500-m03xxp6w,cpb-aacip-500-5717qr8t,cpb-aacip-500-h98zdz1x,cpb-aacip-500-ks6j536x,cpb-aacip-500-x34mr12h,cpb-aacip-500-rj48tv0p,cpb-aacip-500-3x83p219,cpb-aacip-500-q814s426,cpb-aacip-500-5m628x47,cpb-aacip-500-jm23gp16,cpb-aacip-500-wh2dd965,cpb-aacip-500-9z90dg82,cpb-aacip-500-9882ph4g,cpb-aacip-500-zc7rsq8q,cpb-aacip-500-sq8qh83x,cpb-aacip-500-28052564,cpb-aacip-500-ft8dkp24,cpb-aacip-500-ms3k2006,cpb-aacip-500-k649td5g,cpb-aacip-500-610vv20f,cpb-aacip-500-t43j2d74,cpb-aacip-500-bz619c4t,cpb-aacip-500-ks6j538d,cpb-aacip-500-9c6s2s4x,cpb-aacip-500-k649tc97,cpb-aacip-500-jh3d3c9h,cpb-aacip-500-v11vk10m,cpb-aacip-500-df6k4n0w,cpb-aacip-500-f7667x7v,cpb-aacip-500-610vv19d,cpb-aacip-500-9882pg70,cpb-aacip-500-416t2b1s,cpb-aacip-500-6688mm9j,cpb-aacip-500-qj77z049,cpb-aacip-500-jq0svz5g,cpb-aacip-500-x05xbq85,cpb-aacip-500-bv79x259,cpb-aacip-500-pv6b6z7x,cpb-aacip-500-7h1dpb21,cpb-aacip-500-h12v839d,cpb-aacip-500-639k7b0z,cpb-aacip-500-vd6p453h,cpb-aacip-500-kd1qkz43,cpb-aacip-500-k06x1t7r,cpb-aacip-500-f18sgb95,cpb-aacip-500-z60c157s,cpb-aacip-500-gh9b9p20,cpb-aacip-500-mk658d3p,cpb-aacip-500-251fnw0z,cpb-aacip-500-jd4pq417,cpb-aacip-500-ms3k221v,cpb-aacip-500-nc5scr4h,cpb-aacip-500-028pgw8f,cpb-aacip-500-pg1hnv2r,cpb-aacip-500-js9h887v,cpb-aacip-500-p55dh09z,cpb-aacip-500-r20rwg5h,cpb-aacip-500-gb1xj44j,cpb-aacip-500-zs2kbz0m",,
Communism,105,"cpb-aacip-500-x34mr17q,cpb-aacip-500-h41jnd7j,cpb-aacip-500-qz22h510,cpb-aacip-500-hh6c6j6g,cpb-aacip-500-qz22h53g,cpb-aacip-500-qr4nqj3x,cpb-aacip-500-6q1sk22r,cpb-aacip-500-v97zqx1h,cpb-aacip-500-r785p223,cpb-aacip-500-g7374w1j,cpb-aacip-500-fn10t52h,cpb-aacip-500-r785p134,cpb-aacip-500-4j0b0s33,cpb-aacip-500-8w384c35,cpb-aacip-500-bg2hbz81,cpb-aacip-500-rb6w2b41,cpb-aacip-500-xw47vb4f,cpb-aacip-500-9s1kmz07,cpb-aacip-500-zc7rss06,cpb-aacip-500-nc5scr0j,cpb-aacip-500-x921hm1f,cpb-aacip-500-w950mr64,cpb-aacip-500-dv1cpt05,cpb-aacip-500-fj29dt3r,cpb-aacip-500-nz80qd0h,cpb-aacip-500-h98zdz64,cpb-aacip-500-jh3d3d21,cpb-aacip-500-xs5jg13k,cpb-aacip-500-222r8m5r,cpb-aacip-500-5m628x2r,cpb-aacip-500-pc2t8j7b,cpb-aacip-500-dr2p9h1s,cpb-aacip-500-dz03336b,cpb-aacip-500-q52fct93,cpb-aacip-500-2b8vff8w,cpb-aacip-500-2r3p0n39,cpb-aacip-500-xw47v95g,cpb-aacip-500-0c4sns6t,cpb-aacip-500-wp9t5w9x,cpb-aacip-500-8g8fk76p,cpb-aacip-500-s756jt9h,cpb-aacip-500-nz80qf26,cpb-aacip-500-sn01406c,cpb-aacip-500-k649tc58,cpb-aacip-500-z60c151b,cpb-aacip-500-s46h5k6k,cpb-aacip-500-pn8xfd9f,cpb-aacip-500-n29p6t5p,cpb-aacip-500-w950mq6x,cpb-aacip-500-639k799x,cpb-aacip-500-qf8jjp8g,cpb-aacip-500-8s4jr21x,cpb-aacip-500-z60c1492,cpb-aacip-500-sj19qq45,cpb-aacip-500-bn9x4h3t,cpb-aacip-500-vq2s9085,cpb-aacip-500-445hfm3p,cpb-aacip-500-1g0hxv92,cpb-aacip-500-fj29ds68,cpb-aacip-500-mg7fw46v,cpb-aacip-500-3n20h73c,cpb-aacip-500-zs2kbw7w,cpb-aacip-500-hq3s046q,cpb-aacip-500-qv3c3w3w,cpb-aacip-500-mk658f3w,cpb-aacip-500-804xms9f,cpb-aacip-500-959c9831,cpb-aacip-500-gb1xj389,cpb-aacip-500-qv3c3v94,cpb-aacip-500-vq2s910f,cpb-aacip-500-2n4zm979,cpb-aacip-500-k06x1v9f,cpb-aacip-500-vx062m5t,cpb-aacip-500-r49g8q5t,cpb-aacip-500-p843w973,cpb-aacip-500-v11vk18j,cpb-aacip-500-sn01411c,cpb-aacip-500-m61bq995,cpb-aacip-500-7m042p4g,cpb-aacip-500-t43j2f0n,cpb-aacip-500-cc0tvh52,cpb-aacip-500-sj19qq5d,cpb-aacip-500-hx15rp1b,cpb-aacip-500-z31nmw0c,cpb-aacip-500-sx648w22,cpb-aacip-500-m32nb072,cpb-aacip-500-dj58hz37,cpb-aacip-500-f47gvp29,cpb-aacip-500-qz22h62f,cpb-aacip-500-nz80qg0x,cpb-aacip-500-599z427c,cpb-aacip-500-np1wjm2p,cpb-aacip-500-h12v854m","naeb-b072-f04,naeb-b073-f05,naeb-b071-f03,naeb-b072-f01","naeb-b111-f05-13,naeb-b111-f06-12,naeb-b111-f07-06,naeb-b111-f07-11,naeb-b111-f07-12,naeb-b111-f08-25,naeb-b111-f10-01,naeb-b111-f10-19"
Pollution--United States,14,"cpb-aacip-500-qf8jjr4x,cpb-aacip-500-g7374v6j,cpb-aacip-500-gf0mxf3x,cpb-aacip-500-hh6c6j96,cpb-aacip-500-1c1tjn53,cpb-aacip-500-pc2t8k3k,cpb-aacip-500-610vv34m,cpb-aacip-500-bc3szp1s,cpb-aacip-500-6w96bn9k,cpb-aacip-500-k649td9f,cpb-aacip-500-gt5fgj44,cpb-aacip-500-k35mf519,cpb-aacip-500-vq2s925v,cpb-aacip-500-q814s56c",,
Stand-up comedy,7,"cpb-aacip-500-d21rkj54,cpb-aacip-500-gx44vv8q,cpb-aacip-500-mw28fb18,cpb-aacip-500-c53f2z4x,cpb-aacip-500-pr7mtr1b,cpb-aacip-500-vt1gp991,cpb-aacip-500-8s4jr34v",,
Labor unions--United States.,11,"cpb-aacip-500-3b5wb95p,cpb-aacip-500-6688mp0s","naeb-b067-f02,naeb-b069-f10","naeb-b111-f04-02,naeb-b111-f05-08,naeb-b111-f06-01,naeb-b111-f06-07,naeb-b111-f06-18,naeb-b111-f08-25,naeb-b112-f03-21"
Mass media--Audiences,6,"cpb-aacip-500-d795c268,cpb-aacip-500-639k7b6d",,"naeb-b102-f03-17,naeb-b106-f02-04,naeb-b110-f04-20,naeb-b111-f03-18"
Czechoslovakia--History--20th century.,1,cpb-aacip-500-cc0tvh52,,
Theologians--Spain.,1,cpb-aacip-500-d21rkh4p,,